{"quadrotor_env": {"camera": false, "sim_dt": 0.02, "max_t": 5.0, "add_camera": true}, "quadrotor_dynamics": {"mass": 0.73, "arm_l": 0.17, "motor_omega_min": 150.0, "motor_omega_max": 3000.0, "motor_tau": 0.0001, "thrust_map": [1.3298253500372892e-06, 0.0038360810526746033, -1.7689986848125325], "kappa": 0.016, "omega_max": [6.0, 6.0, 6.0]}, "rl": {"pos_coeff": -0.002, "ori_coeff": -0.002, "lin_vel_coeff": -0.0002, "ang_vel_coeff": -0.0002, "act_coeff": -0.0002}}